{"loss": 0.3556087613105774, "binary_accuracy": 0.9260369539260864, "val_loss": 0.17110832035541534, "val_binary_accuracy": 0.9639504551887512, "lr": 0.0010000000474974513, "epoch": 1}
{"loss": 0.1348205953836441, "binary_accuracy": 0.9630337357521057, "val_loss": 0.10818329453468323, "val_binary_accuracy": 0.9639504551887512, "lr": 0.0010000000474974513, "epoch": 2}
{"loss": 0.0976911187171936, "binary_accuracy": 0.9630336165428162, "val_loss": 0.09185642004013062, "val_binary_accuracy": 0.9639504551887512, "lr": 0.0010000000474974513, "epoch": 3}
{"loss": 0.08436867594718933, "binary_accuracy": 0.9630334973335266, "val_loss": 0.08161276578903198, "val_binary_accuracy": 0.9639504551887512, "lr": 0.0010000000474974513, "epoch": 4}
{"loss": 0.07527431845664978, "binary_accuracy": 0.9630336165428162, "val_loss": 0.07338153570890427, "val_binary_accuracy": 0.9639504551887512, "lr": 0.0010000000474974513, "epoch": 5}
{"loss": 0.068949855864048, "binary_accuracy": 0.9630340933799744, "val_loss": 0.06979778409004211, "val_binary_accuracy": 0.9639504551887512, "lr": 0.0010000000474974513, "epoch": 6}
{"loss": 0.0643245205283165, "binary_accuracy": 0.9630336165428162, "val_loss": 0.06579473614692688, "val_binary_accuracy": 0.9639504551887512, "lr": 0.0010000000474974513, "epoch": 7}
{"loss": 0.0604962594807148, "binary_accuracy": 0.9630338549613953, "val_loss": 0.062085408717393875, "val_binary_accuracy": 0.9639504551887512, "lr": 0.0010000000474974513, "epoch": 8}
{"loss": 0.05660584196448326, "binary_accuracy": 0.9719775915145874, "val_loss": 0.05949414148926735, "val_binary_accuracy": 0.9737740159034729, "lr": 0.0010000000474974513, "epoch": 9}
{"loss": 0.05321264639496803, "binary_accuracy": 0.9768149256706238, "val_loss": 0.057074565440416336, "val_binary_accuracy": 0.9754053354263306, "lr": 0.0010000000474974513, "epoch": 10}
{"loss": 0.05024869740009308, "binary_accuracy": 0.978877604007721, "val_loss": 0.055248890072107315, "val_binary_accuracy": 0.9769437909126282, "lr": 0.0010000000474974513, "epoch": 11}
{"loss": 0.04751787707209587, "binary_accuracy": 0.9805770516395569, "val_loss": 0.052818916738033295, "val_binary_accuracy": 0.9781257510185242, "lr": 0.0010000000474974513, "epoch": 12}
{"loss": 0.04505791515111923, "binary_accuracy": 0.981886625289917, "val_loss": 0.0523085743188858, "val_binary_accuracy": 0.9780510067939758, "lr": 0.0010000000474974513, "epoch": 13}
{"loss": 0.04268065467476845, "binary_accuracy": 0.9829828143119812, "val_loss": 0.05177145078778267, "val_binary_accuracy": 0.9784303903579712, "lr": 0.0010000000474974513, "epoch": 14}
{"loss": 0.04046378657221794, "binary_accuracy": 0.9839847087860107, "val_loss": 0.05183325335383415, "val_binary_accuracy": 0.978314220905304, "lr": 0.0010000000474974513, "epoch": 15}
{"loss": 0.03868870064616203, "binary_accuracy": 0.9846612215042114, "val_loss": 0.05223587527871132, "val_binary_accuracy": 0.9781318306922913, "lr": 0.0010000000474974513, "epoch": 16}
{"loss": 0.03675537928938866, "binary_accuracy": 0.9853832125663757, "val_loss": 0.04905886575579643, "val_binary_accuracy": 0.9791976809501648, "lr": 0.0010000000474974513, "epoch": 17}
{"loss": 0.03464122116565704, "binary_accuracy": 0.9862726330757141, "val_loss": 0.04902392998337746, "val_binary_accuracy": 0.9791476130485535, "lr": 0.0010000000474974513, "epoch": 18}
{"loss": 0.03331264853477478, "binary_accuracy": 0.9866783022880554, "val_loss": 0.048729877918958664, "val_binary_accuracy": 0.979016125202179, "lr": 0.0010000000474974513, "epoch": 19}
{"loss": 0.032010674476623535, "binary_accuracy": 0.9871186017990112, "val_loss": 0.048764657229185104, "val_binary_accuracy": 0.9795039296150208, "lr": 0.0010000000474974513, "epoch": 20}
