{"loss": 0.05502808094024658, "binary_accuracy": 0.9275518655776978, "val_loss": 0.18926329910755157, "val_binary_accuracy": 0.9297505021095276, "lr": 0.0010000000474974513, "epoch": 1}
{"loss": 0.026613423600792885, "binary_accuracy": 0.9314682483673096, "val_loss": 0.03191576898097992, "val_binary_accuracy": 0.9314419031143188, "lr": 0.0010000000474974513, "epoch": 2}
{"loss": 0.025820761919021606, "binary_accuracy": 0.9314526915550232, "val_loss": 0.025499844923615456, "val_binary_accuracy": 0.9311236143112183, "lr": 0.0010000000474974513, "epoch": 3}
{"loss": 0.0253281407058239, "binary_accuracy": 0.9314553737640381, "val_loss": 0.025411751121282578, "val_binary_accuracy": 0.9310594201087952, "lr": 0.0010000000474974513, "epoch": 4}
{"loss": 0.024968545883893967, "binary_accuracy": 0.9314552545547485, "val_loss": 0.025346865877509117, "val_binary_accuracy": 0.9312720894813538, "lr": 0.0010000000474974513, "epoch": 5}
{"loss": 0.024787455797195435, "binary_accuracy": 0.9314566254615784, "val_loss": 0.02504887990653515, "val_binary_accuracy": 0.930907666683197, "lr": 0.0010000000474974513, "epoch": 6}
{"loss": 0.024597281590104103, "binary_accuracy": 0.9314602017402649, "val_loss": 0.024508265778422356, "val_binary_accuracy": 0.9310827851295471, "lr": 0.0010000000474974513, "epoch": 7}
{"loss": 0.024396542459726334, "binary_accuracy": 0.9314621090888977, "val_loss": 0.024566691368818283, "val_binary_accuracy": 0.9311680793762207, "lr": 0.0010000000474974513, "epoch": 8}
{"loss": 0.02429298125207424, "binary_accuracy": 0.9314676523208618, "val_loss": 0.0243900865316391, "val_binary_accuracy": 0.9312246441841125, "lr": 0.0010000000474974513, "epoch": 9}
{"loss": 0.024214385077357292, "binary_accuracy": 0.9314663410186768, "val_loss": 0.02449982240796089, "val_binary_accuracy": 0.9313149452209473, "lr": 0.0010000000474974513, "epoch": 10}
{"loss": 0.024127041921019554, "binary_accuracy": 0.9314756393432617, "val_loss": 0.02431299537420273, "val_binary_accuracy": 0.9310444593429565, "lr": 0.0010000000474974513, "epoch": 11}
{"loss": 0.02407901920378208, "binary_accuracy": 0.9314777255058289, "val_loss": 0.024100013077259064, "val_binary_accuracy": 0.9311565160751343, "lr": 0.0010000000474974513, "epoch": 12}
{"loss": 0.024003766477108, "binary_accuracy": 0.9314842820167542, "val_loss": 0.024085506796836853, "val_binary_accuracy": 0.931196928024292, "lr": 0.0010000000474974513, "epoch": 13}
{"loss": 0.023971078917384148, "binary_accuracy": 0.9314890503883362, "val_loss": 0.02417735755443573, "val_binary_accuracy": 0.9312338829040527, "lr": 0.0010000000474974513, "epoch": 14}
{"loss": 0.023913564160466194, "binary_accuracy": 0.9314939975738525, "val_loss": 0.024030685424804688, "val_binary_accuracy": 0.9311766028404236, "lr": 0.0010000000474974513, "epoch": 15}
{"loss": 0.0238773413002491, "binary_accuracy": 0.9315006732940674, "val_loss": 0.02409401908516884, "val_binary_accuracy": 0.9310778379440308, "lr": 0.0010000000474974513, "epoch": 16}
{"loss": 0.023856744170188904, "binary_accuracy": 0.9315045475959778, "val_loss": 0.023964764550328255, "val_binary_accuracy": 0.9312538504600525, "lr": 0.0010000000474974513, "epoch": 17}
{"loss": 0.023800699040293694, "binary_accuracy": 0.9315112829208374, "val_loss": 0.024077201262116432, "val_binary_accuracy": 0.931245744228363, "lr": 0.0010000000474974513, "epoch": 18}
{"loss": 0.023763565346598625, "binary_accuracy": 0.9315163493156433, "val_loss": 0.0238664411008358, "val_binary_accuracy": 0.9310951232910156, "lr": 0.0010000000474974513, "epoch": 19}
{"loss": 0.02372531034052372, "binary_accuracy": 0.9315243363380432, "val_loss": 0.023891737684607506, "val_binary_accuracy": 0.9311310052871704, "lr": 0.0010000000474974513, "epoch": 20}
