{"loss": 0.619839072227478, "binary_accuracy": 0.9196231365203857, "val_loss": 0.5527092218399048, "val_binary_accuracy": 0.9297505021095276, "lr": 0.0010000000474974513, "epoch": 1}
{"loss": 0.49957191944122314, "binary_accuracy": 0.9288542866706848, "val_loss": 0.4505733847618103, "val_binary_accuracy": 0.9297505021095276, "lr": 0.0010000000474974513, "epoch": 2}
{"loss": 0.4128129780292511, "binary_accuracy": 0.9288543462753296, "val_loss": 0.3771075904369354, "val_binary_accuracy": 0.9297505021095276, "lr": 0.0010000000474974513, "epoch": 3}
{"loss": 0.24546271562576294, "binary_accuracy": 0.9288504123687744, "val_loss": 0.17643430829048157, "val_binary_accuracy": 0.9297505021095276, "lr": 0.0010000000474974513, "epoch": 4}
{"loss": 0.1768171489238739, "binary_accuracy": 0.9288543462753296, "val_loss": 0.17206083238124847, "val_binary_accuracy": 0.9297505021095276, "lr": 0.0010000000474974513, "epoch": 5}
{"loss": 0.17380793392658234, "binary_accuracy": 0.9288544058799744, "val_loss": 0.17092785239219666, "val_binary_accuracy": 0.9297505021095276, "lr": 0.0010000000474974513, "epoch": 6}
{"loss": 0.1731853187084198, "binary_accuracy": 0.9288540482521057, "val_loss": 0.17060239613056183, "val_binary_accuracy": 0.9297505021095276, "lr": 0.0010000000474974513, "epoch": 7}
{"loss": 0.17250193655490875, "binary_accuracy": 0.9288540482521057, "val_loss": 0.16925151646137238, "val_binary_accuracy": 0.9297505021095276, "lr": 0.0010000000474974513, "epoch": 8}
{"loss": 0.17139698565006256, "binary_accuracy": 0.9288541078567505, "val_loss": 0.16893009841442108, "val_binary_accuracy": 0.9297505021095276, "lr": 0.0010000000474974513, "epoch": 9}
{"loss": 0.170948788523674, "binary_accuracy": 0.9288538694381714, "val_loss": 0.16837671399116516, "val_binary_accuracy": 0.9297505021095276, "lr": 0.0010000000474974513, "epoch": 10}
{"loss": 0.17061932384967804, "binary_accuracy": 0.9288540482521057, "val_loss": 0.1679699867963791, "val_binary_accuracy": 0.9297505021095276, "lr": 0.0010000000474974513, "epoch": 11}
{"loss": 0.17021818459033966, "binary_accuracy": 0.9288539886474609, "val_loss": 0.16778716444969177, "val_binary_accuracy": 0.9297505021095276, "lr": 0.0010000000474974513, "epoch": 12}
{"loss": 0.16984637081623077, "binary_accuracy": 0.9288541674613953, "val_loss": 0.16730991005897522, "val_binary_accuracy": 0.9297505021095276, "lr": 0.0010000000474974513, "epoch": 13}
{"loss": 0.16942821443080902, "binary_accuracy": 0.9288539290428162, "val_loss": 0.1667681634426117, "val_binary_accuracy": 0.9297505021095276, "lr": 0.0010000000474974513, "epoch": 14}
{"loss": 0.1688561886548996, "binary_accuracy": 0.92885422706604, "val_loss": 0.16634953022003174, "val_binary_accuracy": 0.9297505021095276, "lr": 0.0010000000474974513, "epoch": 15}
{"loss": 0.16852961480617523, "binary_accuracy": 0.9288536906242371, "val_loss": 0.16601328551769257, "val_binary_accuracy": 0.9297505021095276, "lr": 0.0010000000474974513, "epoch": 16}
{"loss": 0.1682034283876419, "binary_accuracy": 0.9288536906242371, "val_loss": 0.1655908077955246, "val_binary_accuracy": 0.9297505021095276, "lr": 0.0010000000474974513, "epoch": 17}
{"loss": 0.16784407198429108, "binary_accuracy": 0.92885422706604, "val_loss": 0.16521622240543365, "val_binary_accuracy": 0.9297505021095276, "lr": 0.0010000000474974513, "epoch": 18}
{"loss": 0.16757401823997498, "binary_accuracy": 0.9288544058799744, "val_loss": 0.16484156250953674, "val_binary_accuracy": 0.9297505021095276, "lr": 0.0010000000474974513, "epoch": 19}
{"loss": 0.16716252267360687, "binary_accuracy": 0.9288545846939087, "val_loss": 0.16443733870983124, "val_binary_accuracy": 0.9297505021095276, "lr": 0.0010000000474974513, "epoch": 20}
