{"loss": 0.2344159483909607, "binary_accuracy": 0.9021458029747009, "val_loss": 0.17423859238624573, "val_binary_accuracy": 0.9295159578323364, "lr": 0.0010000000474974513, "epoch": 1}
{"loss": 0.17358358204364777, "binary_accuracy": 0.9288184642791748, "val_loss": 0.16929270327091217, "val_binary_accuracy": 0.9297505021095276, "lr": 0.0010000000474974513, "epoch": 2}
{"loss": 0.1707628220319748, "binary_accuracy": 0.9288544058799744, "val_loss": 0.16728991270065308, "val_binary_accuracy": 0.9297505021095276, "lr": 0.0010000000474974513, "epoch": 3}
{"loss": 0.16932404041290283, "binary_accuracy": 0.9288543462753296, "val_loss": 0.16664455831050873, "val_binary_accuracy": 0.9297505021095276, "lr": 0.0010000000474974513, "epoch": 4}
{"loss": 0.16846565902233124, "binary_accuracy": 0.9288541674613953, "val_loss": 0.16550086438655853, "val_binary_accuracy": 0.9297505021095276, "lr": 0.0010000000474974513, "epoch": 5}
{"loss": 0.1678915023803711, "binary_accuracy": 0.9288542866706848, "val_loss": 0.16550809144973755, "val_binary_accuracy": 0.9297505021095276, "lr": 0.0010000000474974513, "epoch": 6}
{"loss": 0.16754384338855743, "binary_accuracy": 0.9288543462753296, "val_loss": 0.16492176055908203, "val_binary_accuracy": 0.9297505021095276, "lr": 0.0010000000474974513, "epoch": 7}
{"loss": 0.16724665462970734, "binary_accuracy": 0.9288542866706848, "val_loss": 0.1653294414281845, "val_binary_accuracy": 0.9297505021095276, "lr": 0.0010000000474974513, "epoch": 8}
{"loss": 0.1670362800359726, "binary_accuracy": 0.9288543462753296, "val_loss": 0.16432422399520874, "val_binary_accuracy": 0.9297505021095276, "lr": 0.0010000000474974513, "epoch": 9}
{"loss": 0.1667819321155548, "binary_accuracy": 0.9288543462753296, "val_loss": 0.1643565595149994, "val_binary_accuracy": 0.9297505021095276, "lr": 0.0010000000474974513, "epoch": 10}
{"loss": 0.16669422388076782, "binary_accuracy": 0.9288545846939087, "val_loss": 0.1640808880329132, "val_binary_accuracy": 0.9297505021095276, "lr": 0.0010000000474974513, "epoch": 11}
{"loss": 0.16656652092933655, "binary_accuracy": 0.9288538694381714, "val_loss": 0.16407510638237, "val_binary_accuracy": 0.9297505021095276, "lr": 0.0010000000474974513, "epoch": 12}
{"loss": 0.1664583384990692, "binary_accuracy": 0.9288539886474609, "val_loss": 0.16401197016239166, "val_binary_accuracy": 0.9297505021095276, "lr": 0.0010000000474974513, "epoch": 13}
{"loss": 0.16642972826957703, "binary_accuracy": 0.9288541078567505, "val_loss": 0.16382409632205963, "val_binary_accuracy": 0.9297505021095276, "lr": 0.0010000000474974513, "epoch": 14}
{"loss": 0.166315957903862, "binary_accuracy": 0.9288541674613953, "val_loss": 0.16405752301216125, "val_binary_accuracy": 0.9297505021095276, "lr": 0.0010000000474974513, "epoch": 15}
{"loss": 0.1662183701992035, "binary_accuracy": 0.9288544058799744, "val_loss": 0.16366694867610931, "val_binary_accuracy": 0.9297505021095276, "lr": 0.0010000000474974513, "epoch": 16}
{"loss": 0.16614404320716858, "binary_accuracy": 0.9288544058799744, "val_loss": 0.16351227462291718, "val_binary_accuracy": 0.9297505021095276, "lr": 0.0010000000474974513, "epoch": 17}
{"loss": 0.16606061160564423, "binary_accuracy": 0.9288544654846191, "val_loss": 0.16424480080604553, "val_binary_accuracy": 0.9297505021095276, "lr": 0.0010000000474974513, "epoch": 18}
{"loss": 0.16603711247444153, "binary_accuracy": 0.9288544058799744, "val_loss": 0.16368931531906128, "val_binary_accuracy": 0.9297505021095276, "lr": 0.0010000000474974513, "epoch": 19}
{"loss": 0.165908083319664, "binary_accuracy": 0.9288539290428162, "val_loss": 0.16359390318393707, "val_binary_accuracy": 0.9297505021095276, "lr": 0.0010000000474974513, "epoch": 20}
